url,label
https://www.google.com,0
https://github.com,0
https://www.wikipedia.org,0
https://www.microsoft.com,0
https://www.apple.com,0
https://www.amazon.com,0
https://www.linkedin.com,0
https://www.python.org,0
https://flask.palletsprojects.com,0
https://scikit-learn.org,0
https://stackoverflow.com,0
https://www.reddit.com,0
https://www.netflix.com,0
https://www.adobe.com,0
https://www.ibm.com,0
https://www.oracle.com,0
https://www.nasa.gov,0
https://www.mit.edu,0
https://www.stanford.edu,0
https://www.coursera.org,0
https://www.udemy.com,0
https://www.kaggle.com,0
https://www.canva.com,0
https://www.spotify.com,0
https://www.dropbox.com,0
https://www.paypal.com,0
https://www.icicibank.com,0
https://www.hdfcbank.com,0
https://www.sbi.co.in,0
https://www.irctc.co.in,0
https://accounts.google.com,0
https://support.microsoft.com,0
https://docs.python.org,0
https://developer.mozilla.org,0
https://news.google.com,0
https://mail.google.com,0
https://drive.google.com,0
https://www.facebook.com,0
https://www.instagram.com,0
https://www.whatsapp.com,0
http://verify-account-security.example.xyz/login,1
http://192.168.10.20/secure/login,1
http://account-login-verify-update.example.xyz/password,1
http://paypal-security-confirm.example.top/login,1
http://bank-account-verification.example.click,1
http://secure-wallet-update.example.xyz,1
http://login-confirm-payment.example.top,1
http://verify-otp-account.example.click,1
http://signin-bank-security.example.xyz,1
http://update-credit-card.example.top,1
http://account-suspended-login.example.xyz,1
http://password-recovery-security.example.click,1
http://confirm-identity-now.example.top,1
http://free-gift-card-claim.example.xyz,1
http://lottery-winner-payment.example.click,1
http://urgent-account-unlock.example.top,1
http://security-breach-login.example.xyz,1
http://verify-banking-credentials.example.click,1
http://wallet-payment-confirm.example.top,1
http://login.microsoft.security.example.xyz,1
http://google.account.verify.example.click,1
http://amazon-payment-update.example.top,1
http://facebook-login-confirm.example.xyz,1
http://netflix-billing-update.example.click,1
http://apple-id-security.example.top,1
http://linkedin-password-reset.example.xyz,1
http://instagram-login-verify.example.click,1
http://dropbox-document-login.example.top,1
http://secure-authentication-now.example.xyz,1
http://invoice-payment-login.example.click,1
http://support-account-recovery.example.top,1
http://xn--paypa-4ve.example.xyz/login,1
http://127.0.0.1/login/verify,1
http://10.0.0.5/account/password,1
http://172.16.0.10/banking/login,1
http://example.xyz/login?user=verify&password=confirm,1
http://example.top/account/security/otp,1
http://example.click/payment/update/card,1
http://very-long-login-account-security-verification.example.xyz/confirm/password,1